[
  {
    "id": "e2ef0609-850f-4b78-b165-b66043571cbc",
    "data": [
      {
        "text": "How can I call you",
        "userDefined": false
      }
    ],
    "isTemplate": false,
    "count": 0,
    "lang": "en",
    "updated": 0
  },
  {
    "id": "f3e64ea6-b313-4e5a-b93e-16376bc95cf2",
    "data": [
      {
        "text": "what about you",
        "userDefined": false
      }
    ],
    "isTemplate": false,
    "count": 0,
    "lang": "en",
    "updated": 0
  },
  {
    "id": "579171c5-93b2-45f0-abf7-9cd76daf0483",
    "data": [
      {
        "text": "who are you",
        "userDefined": false
      }
    ],
    "isTemplate": false,
    "count": 0,
    "lang": "en",
    "updated": 0
  },
  {
    "id": "48d61c7b-6d51-451e-b09d-fae63ce0c00d",
    "data": [
      {
        "text": "whats your name",
        "userDefined": false
      }
    ],
    "isTemplate": false,
    "count": 0,
    "lang": "en",
    "updated": 0
  }
]